API,Date,Fail,Probability
z8jfojfxoe,2021-03-09,0,0.0009804803
z8jfojfxoe,2021-03-10,0,0.011865542
z8jfojfxoe,2021-03-11,0,0.01634932
z8jfojfxoe,2021-03-12,0,0.015477308
z8jfojfxoe,2021-03-13,0,0.011716363
z8jfojfxoe,2021-03-14,0,0.032977797
z8jfojfxoe,2021-03-15,1,0.99985325
z8jfojfxoe,2021-03-16,0,0.0017690032
z8jfojfxoe,2021-03-17,0,0.0023502961
z8jfojfxoe,2021-03-18,0,0.001603503
z8jfojfxoe,2021-03-19,0,0.0034634136
z8jfojfxoe,2021-03-20,0,0.002898321
z8jfojfxoe,2021-03-21,0,0.005526908
z8jfojfxoe,2021-03-22,0,0.016692411
z8jfojfxoe,2021-03-23,0,0.003672059
z8jfojfxoe,2021-03-24,0,0.00358861
z8jfojfxoe,2021-03-25,0,0.018023184
z8jfojfxoe,2021-03-26,0,0.0017608309
z8jfojfxoe,2021-03-27,0,0.014403211
z8jfojfxoe,2021-03-28,0,0.0011665751
z8jfojfxoe,2021-03-29,0,0.008802139
z8jfojfxoe,2021-03-30,0,1.5653472e-05
z8jfojfxoe,2021-03-31,0,0.0014213665
z8jfojfxoe,2021-04-01,0,0.008492756
z8jfojfxoe,2021-04-02,0,0.016276605
z8jfojfxoe,2021-04-03,0,0.0019480073
z8jfojfxoe,2021-04-04,0,0.0035195898
z8jfojfxoe,2021-04-05,0,0.008429055
z8jfojfxoe,2021-04-06,0,0.0054290826
z8jfojfxoe,2021-04-07,0,0.014595548
z8jfojfxoe,2021-04-08,0,0.007419753
z8jfojfxoe,2021-04-09,0,0.0056431014
z8jfojfxoe,2021-04-10,0,0.008693778
z8jfojfxoe,2021-04-11,0,0.0042548054
z8jfojfxoe,2021-04-12,0,0.0077201775
z8jfojfxoe,2021-04-13,0,0.008380244
z8jfojfxoe,2021-04-14,0,0.0039023906
z8jfojfxoe,2021-04-15,0,0.0059151384
z8jfojfxoe,2021-04-16,0,0.008451723
z8jfojfxoe,2021-04-17,0,0.0010266756
z8jfojfxoe,2021-04-18,0,0.0024140866
z8jfojfxoe,2021-04-19,0,0.003203974
z8jfojfxoe,2021-04-20,0,0.003971472
z8jfojfxoe,2021-04-21,0,0.0064622103
z8jfojfxoe,2021-04-22,0,0.0049764696
z8jfojfxoe,2021-04-23,0,0.003761799
z8jfojfxoe,2021-04-24,0,0.011624099
z8jfojfxoe,2021-04-25,0,0.0005601726
z8jfojfxoe,2021-04-26,0,0.011440283
z8jfojfxoe,2021-04-27,0,0.004086344
z8jfojfxoe,2021-04-28,0,0.011015725
z8jfojfxoe,2021-04-29,0,0.012153936
z8jfojfxoe,2021-04-30,0,0.01141158
z8jfojfxoe,2021-05-01,0,0.004683836
z8jfojfxoe,2021-05-02,0,0.012274322
z8jfojfxoe,2021-05-03,0,0.0016189372
z8jfojfxoe,2021-05-04,0,0.003598814
z8jfojfxoe,2021-05-05,0,0.008390711
z8jfojfxoe,2021-05-06,0,0.007923051
z8jfojfxoe,2021-05-07,0,0.0059998976
z8jfojfxoe,2021-05-08,0,0.00029369662
z8jfojfxoe,2021-05-09,0,0.00014589707
z8jfojfxoe,2021-05-10,0,0.02032123
z8jfojfxoe,2021-05-11,0,0.0038036448
z8jfojfxoe,2021-05-12,0,0.001125793
z8jfojfxoe,2021-05-13,0,0.019135037
z8jfojfxoe,2021-05-14,0,0.004413098
z8jfojfxoe,2021-05-15,0,0.0059617865
z8jfojfxoe,2021-05-16,0,0.00031436482
z8jfojfxoe,2021-05-17,0,1.9161855e-05
z8jfojfxoe,2021-05-18,0,0.0027001756
z8jfojfxoe,2021-05-19,0,0.02725353
z8jfojfxoe,2021-05-20,0,0.005165858
z8jfojfxoe,2021-05-21,0,0.0047240197
z8jfojfxoe,2021-05-22,0,0.009402227
z8jfojfxoe,2021-05-23,0,0.013849639
z8jfojfxoe,2021-05-24,0,0.0037950291
z8jfojfxoe,2021-05-25,0,0.000110956826
z8jfojfxoe,2021-05-26,0,0.008016277
z8jfojfxoe,2021-05-27,0,0.009259834
z8jfojfxoe,2021-05-28,0,0.00085129455
z8jfojfxoe,2021-05-29,0,0.005675739
z8jfojfxoe,2021-05-30,0,0.0138655
z8jfojfxoe,2021-05-31,0,0.018442241
z8jfojfxoe,2021-06-01,0,0.0005509836
z8jfojfxoe,2021-06-02,0,0.003361212
z8jfojfxoe,2021-06-03,0,0.005908814
z8jfojfxoe,2021-06-04,0,0.005429059
z8jfojfxoe,2021-06-05,0,0.002130342
z8jfojfxoe,2021-06-06,0,0.004140833
z8jfojfxoe,2021-06-07,0,0.00013914668
z8jfojfxoe,2021-06-08,0,0.0028713702
z8jfojfxoe,2021-06-09,0,0.008458734
z8jfojfxoe,2021-06-10,0,0.004097095
z8jfojfxoe,2021-06-11,0,0.0008452805
z8jfojfxoe,2021-06-12,0,0.0005165472
z8jfojfxoe,2021-06-13,0,0.005635385
z8jfojfxoe,2021-06-14,0,0.004344477
z8jfojfxoe,2021-06-15,0,0.0002587035
z8jfojfxoe,2021-06-16,0,0.008711417
z8jfojfxoe,2021-06-17,0,0.00049896113
z8jfojfxoe,2021-06-18,0,0.008043168
z8jfojfxoe,2021-06-19,0,0.0058930963
z8jfojfxoe,2021-06-20,0,0.008971046
z8jfojfxoe,2021-06-21,0,0.008068126
z8jfojfxoe,2021-06-22,0,0.008852231
z8jfojfxoe,2021-06-23,0,0.0009664974
z8jfojfxoe,2021-06-24,0,0.0008940456
z8jfojfxoe,2021-06-25,0,0.0075945943
z8jfojfxoe,2021-06-26,0,0.008427752
z8jfojfxoe,2021-06-27,0,0.0048630727
z8jfojfxoe,2021-06-28,0,0.007679431
z8jfojfxoe,2021-06-29,0,0.0030960229
z8jfojfxoe,2021-06-30,0,0.0038781017
z8jfojfxoe,2021-07-01,0,0.0075950287
z8jfojfxoe,2021-07-02,0,0.004096675
z8jfojfxoe,2021-07-03,0,0.00017513466
z8jfojfxoe,2021-07-04,0,0.002821683
z8jfojfxoe,2021-07-05,0,0.0013731865
z8jfojfxoe,2021-07-06,1,0.89560086
z8jfojfxoe,2021-07-07,1,0.8229988
z8jfojfxoe,2021-07-08,1,0.8915004
z8jfojfxoe,2021-07-09,1,0.969973
z8jfojfxoe,2021-07-10,1,0.9961887
z8jfojfxoe,2021-07-11,0,4.5164088e-05
z8jfojfxoe,2021-07-12,0,0.002156958
z8jfojfxoe,2021-07-13,0,0.007639567
z8jfojfxoe,2021-07-14,0,5.231569e-05
z8jfojfxoe,2021-07-15,0,0.00059052015
z8jfojfxoe,2021-07-16,0,0.008917914
z8jfojfxoe,2021-07-17,0,0.0010071372
z8jfojfxoe,2021-07-18,0,0.01944965
z8jfojfxoe,2021-07-19,0,0.0023844389
z8jfojfxoe,2021-07-20,0,0.015665207
z8jfojfxoe,2021-07-21,0,0.0021794785
z8jfojfxoe,2021-07-22,0,0.0073178825
z8jfojfxoe,2021-07-23,0,0.0064671133
z8jfojfxoe,2021-07-24,0,0.045181677
z8jfojfxoe,2021-07-25,0,0.01627411
z8jfojfxoe,2021-07-26,0,0.019293677
z8jfojfxoe,2021-07-27,0,0.00038090552
z8jfojfxoe,2021-07-28,0,0.0023077761
z8jfojfxoe,2021-07-29,0,0.001035287
z8jfojfxoe,2021-07-30,0,0.7722071
z8jfojfxoe,2021-07-31,0,0.78994966
z8jfojfxoe,2021-08-01,1,0.9892785
z8jfojfxoe,2021-08-02,0,0.007249944
z8jfojfxoe,2021-08-03,0,0.014955921
z8jfojfxoe,2021-08-04,0,0.004536056
z8jfojfxoe,2021-08-05,0,0.0058014346
z8jfojfxoe,2021-08-06,0,0.007220797
z8jfojfxoe,2021-08-07,0,0.015889889
z8jfojfxoe,2021-08-08,0,0.006780089
z8jfojfxoe,2021-08-09,0,0.20128119
z8jfojfxoe,2021-08-10,0,0.03598174
z8jfojfxoe,2021-08-11,0,0.016396694
z8jfojfxoe,2021-08-12,0,0.1306296
z8jfojfxoe,2021-08-13,0,0.00071825803
z8jfojfxoe,2021-08-14,0,0.10236937
z8jfojfxoe,2021-08-15,0,0.7843842
z8jfojfxoe,2021-08-16,0,0.017547676
z8jfojfxoe,2021-08-17,0,0.0042387303
z8jfojfxoe,2021-08-18,0,0.008138889
z8jfojfxoe,2021-08-19,0,0.011079859
z8jfojfxoe,2021-08-20,0,0.042208843
z8jfojfxoe,2021-08-21,0,0.011382939
z8jfojfxoe,2021-08-22,0,0.0051891175
z8jfojfxoe,2021-08-23,0,0.0011483348
z8jfojfxoe,2021-08-24,0,0.01888746
z8jfojfxoe,2021-08-25,0,0.0041338424
z8jfojfxoe,2021-08-26,0,0.011780036
z8jfojfxoe,2021-08-27,0,0.010846059
z8jfojfxoe,2021-08-28,0,0.0008283687
z8jfojfxoe,2021-08-29,0,0.003518326
z8jfojfxoe,2021-08-30,0,0.018436309
z8jfojfxoe,2021-08-31,0,0.006441593
z8jfojfxoe,2021-09-01,0,0.005817637
z8jfojfxoe,2021-09-02,0,0.023733778
z8jfojfxoe,2021-09-03,0,0.006668837
z8jfojfxoe,2021-09-04,0,0.03262109
z8jfojfxoe,2021-09-05,0,0.0060736467
z8jfojfxoe,2021-09-06,0,0.00902305
z8jfojfxoe,2021-09-07,0,0.016422154
z8jfojfxoe,2021-09-08,0,0.026072348
z8jfojfxoe,2021-09-09,0,0.029130837
z8jfojfxoe,2021-09-10,0,0.015119853
z8jfojfxoe,2021-09-11,0,0.012842385
z8jfojfxoe,2021-09-12,0,0.009840127
z8jfojfxoe,2021-09-13,0,0.0019178203
z8jfojfxoe,2021-09-14,0,0.0002102873
z8jfojfxoe,2021-09-15,0,0.030477842
z8jfojfxoe,2021-09-16,0,0.00021411525
z8jfojfxoe,2021-09-17,0,0.03631488
z8jfojfxoe,2021-09-18,0,0.004307246
z8jfojfxoe,2021-09-19,0,0.021968741
z8jfojfxoe,2021-09-20,0,0.008329639
z8jfojfxoe,2021-09-21,0,0.011916447
z8jfojfxoe,2021-09-22,0,0.008198511
z8jfojfxoe,2021-09-23,0,0.00056237396
z8jfojfxoe,2021-09-24,1,0.8605033
z8jfojfxoe,2021-09-25,0,0.017459981
z8jfojfxoe,2021-09-26,0,0.0058860667
z8jfojfxoe,2021-09-27,0,0.01518825
z8jfojfxoe,2021-09-28,0,0.011622806
z8jfojfxoe,2021-09-29,0,0.0010704879
z8jfojfxoe,2021-09-30,0,0.010894914
z8jfojfxoe,2021-10-01,0,0.010939521
z8jfojfxoe,2021-10-02,0,0.011870609
z8jfojfxoe,2021-10-03,0,0.0047655106
z8jfojfxoe,2021-10-04,0,0.007586318
z8jfojfxoe,2021-10-05,0,0.0105661955
z8jfojfxoe,2021-10-06,0,0.010748783
z8jfojfxoe,2021-10-07,0,0.013731719
z8jfojfxoe,2021-10-08,0,0.013457021
z8jfojfxoe,2021-10-09,0,0.0010995468
z8jfojfxoe,2021-10-10,0,0.017016508
z8jfojfxoe,2021-10-11,0,0.79078436
z8jfojfxoe,2021-10-12,0,0.7634885
z8jfojfxoe,2021-10-13,0,0.00461609
z8jfojfxoe,2021-10-14,0,0.0056414995
z8jfojfxoe,2021-10-15,0,0.012589341
z8jfojfxoe,2021-10-16,0,0.0143312635
z8jfojfxoe,2021-10-17,0,0.0088222185
z8jfojfxoe,2021-10-18,0,0.0062359795
z8jfojfxoe,2021-10-19,0,0.0029843354
z8jfojfxoe,2021-10-20,0,0.020966204
z8jfojfxoe,2021-10-21,0,0.010743764
z8jfojfxoe,2021-10-22,0,0.0082145715
z8jfojfxoe,2021-10-23,0,0.0091196885
z8jfojfxoe,2021-10-24,0,0.013574262
z8jfojfxoe,2021-10-25,0,0.012641859
z8jfojfxoe,2021-10-26,0,0.0173139
z8jfojfxoe,2021-10-27,0,0.010565922
z8jfojfxoe,2021-10-28,0,0.0070432327
z8jfojfxoe,2021-10-29,0,0.28474742
z8jfojfxoe,2021-10-30,0,0.13179936
z8jfojfxoe,2021-10-31,1,0.98151946
z8jfojfxoe,2021-11-01,1,0.98558205
z8jfojfxoe,2021-11-02,1,0.9809941
z8jfojfxoe,2021-11-03,1,0.98138785
z8jfojfxoe,2021-11-04,1,0.9902153
z8jfojfxoe,2021-11-05,1,0.9892647
z8jfojfxoe,2021-11-09,0,0.00023683773
z8jfojfxoe,2021-11-10,0,0.051213395
z8jfojfxoe,2021-11-11,0,0.13604428
z8jfojfxoe,2021-11-12,0,0.010871939
z8jfojfxoe,2021-11-13,0,0.011368857
z8jfojfxoe,2021-11-14,0,0.0054394403
z8jfojfxoe,2021-11-15,0,0.013363369
z8jfojfxoe,2021-11-16,0,0.0039812434
z8jfojfxoe,2021-11-17,0,0.0136937015
z8jfojfxoe,2021-11-18,0,0.012772325
z8jfojfxoe,2021-11-19,0,0.003155053
z8jfojfxoe,2021-11-20,0,0.009773418
z8jfojfxoe,2021-11-21,0,0.008429048
z8jfojfxoe,2021-11-22,0,0.015051611
z8jfojfxoe,2021-11-23,0,0.018252278
z8jfojfxoe,2021-11-24,0,0.009639514
z8jfojfxoe,2021-11-25,0,0.030862255
z8jfojfxoe,2021-11-26,1,0.9944273
z8jfojfxoe,2021-11-27,0,0.061443545
z8jfojfxoe,2021-11-28,0,0.15181652
z8jfojfxoe,2021-11-29,0,0.013791499
z8jfojfxoe,2021-11-30,0,0.0016015681
z8jfojfxoe,2021-12-01,0,0.020250257
z8jfojfxoe,2021-12-02,0,0.015233163
z8jfojfxoe,2021-12-03,0,0.017534446
z8jfojfxoe,2021-12-04,0,0.0061235325
z8jfojfxoe,2021-12-05,0,0.0064814496
z8jfojfxoe,2021-12-06,0,0.0068207625
z8jfojfxoe,2021-12-07,0,0.022439217
z8jfojfxoe,2021-12-08,0,0.0014710741
z8jfojfxoe,2021-12-09,0,0.010129541
z8jfojfxoe,2021-12-10,0,0.009935011
z8jfojfxoe,2021-12-11,0,0.011856087
z8jfojfxoe,2021-12-12,0,0.0045555127
z8jfojfxoe,2021-12-13,0,0.002035189
z8jfojfxoe,2021-12-14,0,0.016528727
z8jfojfxoe,2021-12-15,0,0.0016744167
z8jfojfxoe,2021-12-16,0,0.0152852535
z8jfojfxoe,2021-12-17,0,6.8766545e-05
z8jfojfxoe,2021-12-18,0,0.0021813242
z8jfojfxoe,2021-12-19,0,0.0045974017
z8jfojfxoe,2021-12-20,0,0.0062674135
z8jfojfxoe,2021-12-21,0,0.005615713
z8jfojfxoe,2021-12-22,0,0.0022763794
z8jfojfxoe,2021-12-23,0,0.0070392657
z8jfojfxoe,2021-12-24,0,0.008489861
z8jfojfxoe,2021-12-25,0,0.009599442
z8jfojfxoe,2021-12-26,0,0.0058233347
z8jfojfxoe,2021-12-27,0,0.011006447
z8jfojfxoe,2021-12-28,0,0.0061333496
z8jfojfxoe,2021-12-29,0,0.007168963
z8jfojfxoe,2021-12-30,0,0.004390319
z8jfojfxoe,2021-12-31,0,0.011348818
z8jfojfxoe,2022-01-01,0,0.012237275
z8jfojfxoe,2022-01-02,0,0.020989863
z8jfojfxoe,2022-01-03,1,0.9858746
z8jfojfxoe,2022-01-04,1,0.84029603
z8jfojfxoe,2022-01-05,1,0.97318244
z8jfojfxoe,2022-01-06,1,0.9868911
z8jfojfxoe,2022-01-07,0,0.0046180645
z8jfojfxoe,2022-01-08,0,0.012182628
z8jfojfxoe,2022-01-09,0,0.01570446
z8jfojfxoe,2022-01-10,0,0.022186296
z8jfojfxoe,2022-01-11,0,0.008548913
z8jfojfxoe,2022-01-12,0,0.008110856
z8jfojfxoe,2022-01-13,0,0.012841654
z8jfojfxoe,2022-01-14,0,0.0023984804
z8jfojfxoe,2022-01-15,0,0.0029065968
z8jfojfxoe,2022-01-16,0,0.0027498323
z8jfojfxoe,2022-01-17,0,0.00082077086
z8jfojfxoe,2022-01-18,0,0.013139425
z8jfojfxoe,2022-01-19,0,0.006070521
z8jfojfxoe,2022-01-20,0,0.00902285
z8jfojfxoe,2022-01-21,0,0.11798204
z8jfojfxoe,2022-01-22,0,0.0032601247
z8jfojfxoe,2022-01-23,0,0.008712389
z8jfojfxoe,2022-01-24,0,0.020052252
z8jfojfxoe,2022-01-25,0,0.008762345
z8jfojfxoe,2022-01-26,0,0.007402069
z8jfojfxoe,2022-01-27,0,0.00046348415
z8jfojfxoe,2022-01-28,0,0.008557772
z8jfojfxoe,2022-01-29,0,0.020724012
z8jfojfxoe,2022-01-30,0,0.008904695
z8jfojfxoe,2022-01-31,0,0.008933613
z8jfojfxoe,2022-02-01,0,0.011658685
z8jfojfxoe,2022-02-02,0,0.012053688
z8jfojfxoe,2022-02-03,0,0.000409202
z8jfojfxoe,2022-02-04,1,0.978993
z8jfojfxoe,2022-02-05,0,0.08720796
z8jfojfxoe,2022-02-06,0,0.03018315
z8jfojfxoe,2022-02-07,0,0.00045121272
z8jfojfxoe,2022-02-08,0,0.0036758257
z8jfojfxoe,2022-02-09,0,0.00052214396
z8jfojfxoe,2022-02-10,0,0.0021542883
z8jfojfxoe,2022-02-11,0,0.33076698
z8jfojfxoe,2022-02-12,0,0.0017725476
z8jfojfxoe,2022-02-13,0,0.006038789
z8jfojfxoe,2022-02-14,0,0.00060946814
z8jfojfxoe,2022-02-15,0,0.0038287588
z8jfojfxoe,2022-02-16,0,0.002464254
z8jfojfxoe,2022-02-17,0,0.0026493738
z8jfojfxoe,2022-02-18,0,0.008857429
z8jfojfxoe,2022-02-19,0,0.030943172
z8jfojfxoe,2022-02-20,0,0.02248688
z8jfojfxoe,2022-02-21,0,0.16392773
z8jfojfxoe,2022-02-22,0,0.11682278
z8jfojfxoe,2022-02-23,0,0.0057497555
z8jfojfxoe,2022-02-24,0,0.004714197
z8jfojfxoe,2022-02-25,0,0.0027688725
z8jfojfxoe,2022-02-26,0,0.008510538
z8jfojfxoe,2022-02-27,0,0.019832117
z8jfojfxoe,2022-02-28,0,0.002292485
z8jfojfxoe,2022-03-01,0,0.00081342243
z8jfojfxoe,2022-03-02,0,0.0047163004
z8jfojfxoe,2022-03-03,0,0.008620599
z8jfojfxoe,2022-03-04,0,0.017696494
z8jfojfxoe,2022-03-05,0,0.012836378
z8jfojfxoe,2022-03-06,0,0.010397436
z8jfojfxoe,2022-03-07,0,0.006421987
z8jfojfxoe,2022-03-08,0,0.015068467
z8jfojfxoe,2022-03-09,0,0.0024049948
z8jfojfxoe,2022-03-10,0,0.018866574
z8jfojfxoe,2022-03-11,0,0.015134054
z8jfojfxoe,2022-03-12,0,0.0060514216
z8jfojfxoe,2022-03-13,0,0.0013066591
z8jfojfxoe,2022-03-14,0,0.002149841
z8jfojfxoe,2022-03-15,0,0.015326375
z8jfojfxoe,2022-03-16,0,0.011886941
z8jfojfxoe,2022-03-17,0,0.014416402
z8jfojfxoe,2022-03-18,0,0.002728093
z8jfojfxoe,2022-03-19,0,0.0007242354
z8jfojfxoe,2022-03-20,1,0.96537226
z8jfojfxoe,2022-03-21,1,0.9842073
z8jfojfxoe,2022-03-22,0,0.002386477
z8jfojfxoe,2022-03-23,0,4.9459137e-05
z8jfojfxoe,2022-03-24,0,0.012018465
z8jfojfxoe,2022-03-25,0,0.019407397
z8jfojfxoe,2022-03-26,0,0.014444349
z8jfojfxoe,2022-03-27,0,0.017555667
z8jfojfxoe,2022-03-28,0,0.0052435426
z8jfojfxoe,2022-03-29,0,0.008486201
z8jfojfxoe,2022-03-30,0,0.012125533
z8jfojfxoe,2022-03-31,0,0.005371595
z8jfojfxoe,2022-04-01,0,0.023583934
z8jfojfxoe,2022-04-02,0,0.0073084976
z8jfojfxoe,2022-04-03,0,0.018689767
z8jfojfxoe,2022-04-04,0,0.0072525847
z8jfojfxoe,2022-04-05,0,0.015538541
z8jfojfxoe,2022-04-06,0,0.0048000435
z8jfojfxoe,2022-04-07,0,0.009873593
z8jfojfxoe,2022-04-08,0,0.0060039517
z8jfojfxoe,2022-04-09,0,0.020812383
z8jfojfxoe,2022-04-10,0,0.024408694
z8jfojfxoe,2022-04-11,0,0.25481662
z8jfojfxoe,2022-04-12,0,0.14692225
z8jfojfxoe,2022-04-13,0,0.006964679
z8jfojfxoe,2022-04-14,0,0.0016298613
z8jfojfxoe,2022-04-15,0,0.015209376
z8jfojfxoe,2022-04-16,0,0.005225777
z8jfojfxoe,2022-04-17,0,0.0043764715
z8jfojfxoe,2022-04-18,0,0.00029947414
z8jfojfxoe,2022-04-19,1,0.9608488
z8jfojfxoe,2022-04-20,0,0.03887818
z8jfojfxoe,2022-04-21,0,0.023655687
z8jfojfxoe,2022-04-22,0,0.019098744
z8jfojfxoe,2022-04-23,0,0.0013168161
z8jfojfxoe,2022-04-24,0,0.001511815
z8jfojfxoe,2022-04-25,0,0.009159677
z8jfojfxoe,2022-04-26,0,0.003046628
z8jfojfxoe,2022-04-27,0,0.00048877153
z8jfojfxoe,2022-04-28,0,0.0003968961
z8jfojfxoe,2022-04-29,0,0.01847865
z8jfojfxoe,2022-04-30,0,0.002443009
z8jfojfxoe,2022-05-01,0,0.015815824
z8jfojfxoe,2022-05-02,0,0.0020107
z8jfojfxoe,2022-05-03,0,0.0015651189
z8jfojfxoe,2022-05-04,0,0.00041861585
z8jfojfxoe,2022-05-05,0,0.0048029968
z8jfojfxoe,2022-05-06,0,0.0072943857
z8jfojfxoe,2022-05-07,0,0.004388135
z8jfojfxoe,2022-05-08,0,0.004170896
z8jfojfxoe,2022-05-09,0,0.020697456
z8jfojfxoe,2022-05-10,0,0.01568893
z8jfojfxoe,2022-05-11,0,0.01983487
z8jfojfxoe,2022-05-12,0,0.002895942
z8jfojfxoe,2022-05-13,0,0.011550754
z8jfojfxoe,2022-05-14,0,0.024175294
z8jfojfxoe,2022-05-15,0,0.02222637
z8jfojfxoe,2022-05-16,0,0.011463636
z8jfojfxoe,2022-05-17,0,0.0018222698
z8jfojfxoe,2022-05-18,0,0.0015266722
z8jfojfxoe,2022-05-19,0,0.022581052
z8jfojfxoe,2022-05-20,0,0.008155994
z8jfojfxoe,2022-05-21,0,0.007170388
z8jfojfxoe,2022-05-22,0,0.008361327
z8jfojfxoe,2022-05-23,0,0.0057328576
z8jfojfxoe,2022-05-24,0,0.022627091
z8jfojfxoe,2022-05-25,0,0.12042251
z8jfojfxoe,2022-05-26,0,0.02087956
z8jfojfxoe,2022-05-27,0,0.0026282505
z8jfojfxoe,2022-05-28,0,0.013352905
z8jfojfxoe,2022-05-29,0,0.00445054
z8jfojfxoe,2022-05-30,0,0.01406122
z8jfojfxoe,2022-05-31,0,0.0040926053
z8jfojfxoe,2022-06-01,0,0.00788842
z8jfojfxoe,2022-06-02,0,0.0022546903
z8jfojfxoe,2022-06-03,0,0.0015242223
z8jfojfxoe,2022-06-04,0,0.0010802735
z8jfojfxoe,2022-06-05,0,0.014119248
z8jfojfxoe,2022-06-06,0,0.0019822707
z8jfojfxoe,2022-06-07,0,0.016902326
z8jfojfxoe,2022-06-08,0,0.024370156
z8jfojfxoe,2022-06-09,0,0.015710462
z8jfojfxoe,2022-06-10,0,0.02098767
z8jfojfxoe,2022-06-11,0,0.24463698
z8jfojfxoe,2022-06-12,0,0.21932177
z8jfojfxoe,2022-06-13,0,0.034477327
z8jfojfxoe,2022-06-14,0,0.0007317906
z8jfojfxoe,2022-06-15,0,0.004902725
z8jfojfxoe,2022-06-16,0,0.0004277368
z8jfojfxoe,2022-06-17,0,0.002003729
z8jfojfxoe,2022-06-18,0,0.0040454348
z8jfojfxoe,2022-06-19,0,0.018523062
z8jfojfxoe,2022-06-20,0,0.0064374744
z8jfojfxoe,2022-06-21,0,0.020899426
z8jfojfxoe,2022-06-22,0,0.07426437
z8jfojfxoe,2022-06-23,0,0.018583937
z8jfojfxoe,2022-06-24,0,0.016213782
z8jfojfxoe,2022-06-25,0,0.0011603024
z8jfojfxoe,2022-06-26,0,0.0032856055
z8jfojfxoe,2022-06-27,0,0.00069588376
z8jfojfxoe,2022-06-28,0,0.04156693
z8jfojfxoe,2022-06-29,0,0.0031473627
z8jfojfxoe,2022-06-30,0,0.022833604
z8jfojfxoe,2022-07-01,0,0.02073483
z8jfojfxoe,2022-07-02,0,0.020862747
z8jfojfxoe,2022-07-03,0,0.0034672355
z8jfojfxoe,2022-07-04,0,0.0010356106
z8jfojfxoe,2022-07-05,0,0.008789252
z8jfojfxoe,2022-07-06,0,0.0052331663
z8jfojfxoe,2022-07-07,0,0.017412886
z8jfojfxoe,2022-07-08,0,0.06315609
z8jfojfxoe,2022-07-09,1,0.9772825
z8jfojfxoe,2022-07-10,0,0.07452561
z8jfojfxoe,2022-07-11,0,0.055287514
z8jfojfxoe,2022-07-12,0,0.007814876
z8jfojfxoe,2022-07-13,0,0.003942037
z8jfojfxoe,2022-07-14,0,0.024974456
z8jfojfxoe,2022-07-15,0,0.001171457
z8jfojfxoe,2022-07-16,0,0.0029970775
z8jfojfxoe,2022-07-17,0,0.002074407
z8jfojfxoe,2022-07-18,0,0.0031802894
z8jfojfxoe,2022-07-19,0,0.0063571185
z8jfojfxoe,2022-07-20,0,0.003040537
z8jfojfxoe,2022-07-21,0,0.0018873553
z8jfojfxoe,2022-07-22,0,0.0014355663
z8jfojfxoe,2022-07-23,0,0.0030222668
z8jfojfxoe,2022-07-24,0,0.0044093914
z8jfojfxoe,2022-07-25,0,0.012412545
z8jfojfxoe,2022-07-26,0,0.02908433
z8jfojfxoe,2022-07-27,0,0.0012199979
z8jfojfxoe,2022-07-28,0,0.012855026
z8jfojfxoe,2022-07-29,0,0.009105042
z8jfojfxoe,2022-07-30,0,0.012069519
z8jfojfxoe,2022-07-31,0,0.0047998135
z8jfojfxoe,2022-08-01,0,0.009188917
z8jfojfxoe,2022-08-02,0,0.009343961
z8jfojfxoe,2022-08-03,0,0.02158498
z8jfojfxoe,2022-08-04,0,0.00777832
z8jfojfxoe,2022-08-05,0,0.014829866
z8jfojfxoe,2022-08-06,0,8.428183e-05
z8jfojfxoe,2022-08-07,0,0.019495582
z8jfojfxoe,2022-08-08,0,0.0060215862
z8jfojfxoe,2022-08-09,0,0.007626567
z8jfojfxoe,2022-08-10,0,0.01868158
z8jfojfxoe,2022-08-11,0,0.010297988
z8jfojfxoe,2022-08-12,0,0.0056300303
z8jfojfxoe,2022-08-13,0,0.0051634233
z8jfojfxoe,2022-08-14,0,0.01831878
z8jfojfxoe,2022-08-15,0,0.013288559
z8jfojfxoe,2022-08-16,0,0.003269722
z8jfojfxoe,2022-08-17,0,0.0046386304
z8jfojfxoe,2022-08-18,0,0.001210211
z8jfojfxoe,2022-08-19,0,0.009461242
z8jfojfxoe,2022-08-20,0,0.013385694
z8jfojfxoe,2022-08-21,0,0.0036300167
z8jfojfxoe,2022-08-22,0,0.011015587
z8jfojfxoe,2022-08-23,0,0.011152513
z8jfojfxoe,2022-08-24,0,0.003666458
z8jfojfxoe,2022-08-25,0,0.008822106
z8jfojfxoe,2022-08-26,0,0.0005324211
z8jfojfxoe,2022-08-27,0,0.051860422
z8jfojfxoe,2022-08-28,0,0.00115715
z8jfojfxoe,2022-08-29,0,0.0016951922
z8jfojfxoe,2022-08-30,0,0.0014632222
z8jfojfxoe,2022-08-31,0,0.012254578
z8jfojfxoe,2022-09-01,0,0.002533149
z8jfojfxoe,2022-09-02,0,0.005353732
z8jfojfxoe,2022-09-03,0,0.0066496935
z8jfojfxoe,2022-09-04,0,0.00032667673
z8jfojfxoe,2022-09-05,0,0.017034391
z8jfojfxoe,2022-09-06,0,0.0044708285
z8jfojfxoe,2022-09-07,1,0.9093185
z8jfojfxoe,2022-09-08,0,0.108901426
z8jfojfxoe,2022-09-09,1,0.8103337
z8jfojfxoe,2022-09-10,1,0.9770563
z8jfojfxoe,2022-09-11,1,0.9389075
z8jfojfxoe,2022-09-12,0,0.7050234
z8jfojfxoe,2022-09-13,0,0.010365721
z8jfojfxoe,2022-09-14,0,0.0017563233
z8jfojfxoe,2022-09-15,0,0.004364087
z8jfojfxoe,2022-09-16,0,0.009601328
z8jfojfxoe,2022-09-17,0,0.018773684
z8jfojfxoe,2022-09-18,0,0.004047781
z8jfojfxoe,2022-09-19,0,0.015965683
z8jfojfxoe,2022-09-20,0,0.007956837
z8jfojfxoe,2022-09-21,0,0.0025596581
z8jfojfxoe,2022-09-22,0,0.00967567
z8jfojfxoe,2022-09-23,0,0.008538693
z8jfojfxoe,2022-09-24,0,0.0071817213
z8jfojfxoe,2022-09-25,0,0.010692123
z8jfojfxoe,2022-09-26,0,0.008477388
z8jfojfxoe,2022-09-27,0,0.01204767
z8jfojfxoe,2022-09-28,0,0.010406222
z8jfojfxoe,2022-09-29,0,0.013978905
z8jfojfxoe,2022-09-30,0,0.015894528
z8jfojfxoe,2022-10-01,0,0.016430652
z8jfojfxoe,2022-10-02,0,0.013442424
z8jfojfxoe,2022-10-03,0,0.015429283
z8jfojfxoe,2022-10-04,0,0.007688753
z8jfojfxoe,2022-10-05,0,0.014469499
z8jfojfxoe,2022-10-06,0,0.08118081
z8jfojfxoe,2022-10-07,0,0.0018509491
z8jfojfxoe,2022-10-08,0,0.014041224
z8jfojfxoe,2022-10-09,0,0.0041177846
z8jfojfxoe,2022-10-10,0,0.005159102
z8jfojfxoe,2022-10-11,0,0.013302884
z8jfojfxoe,2022-10-12,0,0.008851068
z8jfojfxoe,2022-10-13,0,0.0049522296
z8jfojfxoe,2022-10-14,0,0.016230997
z8jfojfxoe,2022-10-15,0,0.011452104
z8jfojfxoe,2022-10-16,0,0.017670915
z8jfojfxoe,2022-10-17,0,0.01820305
z8jfojfxoe,2022-10-18,0,0.008826189
z8jfojfxoe,2022-10-19,0,0.011992459
z8jfojfxoe,2022-10-20,0,0.012745224
z8jfojfxoe,2022-10-21,0,0.014505535
z8jfojfxoe,2022-10-22,0,0.010117299
z8jfojfxoe,2022-10-23,0,0.01656338
z8jfojfxoe,2022-10-24,0,0.00039284874
z8jfojfxoe,2022-10-25,0,0.018978938
z8jfojfxoe,2022-10-26,0,0.010525996
z8jfojfxoe,2022-10-27,0,0.011036015
z8jfojfxoe,2022-10-28,1,0.80912894
z8jfojfxoe,2022-10-29,0,5.4598855e-05
z8jfojfxoe,2022-10-30,0,0.013180147
z8jfojfxoe,2022-10-31,0,0.009363804
z8jfojfxoe,2022-11-01,0,0.010543781
z8jfojfxoe,2022-11-02,0,0.044007163
z8jfojfxoe,2022-11-03,0,0.005746379
z8jfojfxoe,2022-11-04,0,0.00159373
z8jfojfxoe,2022-11-05,0,0.010572029
z8jfojfxoe,2022-11-06,0,0.002833881
z8jfojfxoe,2022-11-07,0,0.006067374
z8jfojfxoe,2022-11-08,0,0.0045177224
z8jfojfxoe,2022-11-09,0,0.035592023
z8jfojfxoe,2022-11-10,0,0.015141689
z8jfojfxoe,2022-11-11,0,0.008469284
z8jfojfxoe,2022-11-12,0,0.009949778
z8jfojfxoe,2022-11-13,0,0.0073393765
z8jfojfxoe,2022-11-14,0,0.0018810693
z8jfojfxoe,2022-11-15,0,0.001957031
z8jfojfxoe,2022-11-16,0,0.009962111
z8jfojfxoe,2022-11-17,0,0.010706538
z8jfojfxoe,2022-11-18,0,0.0023378592
z8jfojfxoe,2022-11-19,0,0.71447253
z8jfojfxoe,2022-11-20,1,0.9826817
z8jfojfxoe,2022-11-21,1,0.99498886
z8jfojfxoe,2022-11-22,1,0.9228818
z8jfojfxoe,2022-11-23,1,0.9961725
z8jfojfxoe,2022-11-24,0,0.00046004754
z8jfojfxoe,2022-11-25,0,0.043129925
z8jfojfxoe,2022-11-26,0,0.024247458
z8jfojfxoe,2022-11-27,0,0.0065135295
z8jfojfxoe,2022-11-28,0,0.032721385
z8jfojfxoe,2022-11-29,0,0.00097383506
z8jfojfxoe,2022-11-30,0,0.0046134284
z8jfojfxoe,2022-12-01,0,0.0009413133
z8jfojfxoe,2022-12-02,0,0.0045105955
z8jfojfxoe,2022-12-03,0,0.0031771224
z8jfojfxoe,2022-12-04,0,0.009904992
z8jfojfxoe,2022-12-05,0,0.004698566
z8jfojfxoe,2022-12-06,0,0.06905823
z8jfojfxoe,2022-12-07,0,0.010873929
z8jfojfxoe,2022-12-08,0,0.0038221297
z8jfojfxoe,2022-12-09,0,0.058538564
z8jfojfxoe,2022-12-10,0,0.0030528277
z8jfojfxoe,2022-12-11,0,0.0301903
z8jfojfxoe,2022-12-12,0,0.007365888
z8jfojfxoe,2022-12-13,1,0.9997565
z8jfojfxoe,2022-12-14,0,0.027597496
z8jfojfxoe,2022-12-15,0,0.012987533
z8jfojfxoe,2022-12-16,0,0.0048523857
z8jfojfxoe,2022-12-17,0,0.008486896
z8jfojfxoe,2022-12-18,0,0.00869888
z8jfojfxoe,2022-12-19,0,0.0011698769
z8jfojfxoe,2022-12-20,0,0.007943929
z8jfojfxoe,2022-12-21,0,0.0088701425
z8jfojfxoe,2022-12-22,0,0.0071831592
z8jfojfxoe,2022-12-23,0,0.0037446537
z8jfojfxoe,2022-12-24,0,0.020631595
z8jfojfxoe,2022-12-25,0,0.001192166
z8jfojfxoe,2022-12-26,0,0.006019529
z8jfojfxoe,2022-12-27,0,0.01388032
z8jfojfxoe,2022-12-28,0,0.0022554991
z8jfojfxoe,2022-12-29,0,0.0038235537
z8jfojfxoe,2022-12-30,0,0.001691668
z8jfojfxoe,2022-12-31,0,0.010104214
z8jfojfxoe,2023-01-01,0,0.04238652
z8jfojfxoe,2023-01-02,0,0.0023074425
z8jfojfxoe,2023-01-03,0,0.0048188297
z8jfojfxoe,2023-01-04,0,0.005158747
z8jfojfxoe,2023-01-05,0,0.007679013
z8jfojfxoe,2023-01-06,0,0.0060479725
z8jfojfxoe,2023-01-07,0,0.0052012913
z8jfojfxoe,2023-01-08,0,0.0045709084
z8jfojfxoe,2023-01-09,0,0.0074050473
z8jfojfxoe,2023-01-10,0,0.7494511
z8jfojfxoe,2023-01-11,0,0.0022405398
z8jfojfxoe,2023-01-12,0,0.0031047713
z8jfojfxoe,2023-01-13,0,0.015662787
z8jfojfxoe,2023-01-14,0,0.0044687744
z8jfojfxoe,2023-01-15,0,0.0047046826
z8jfojfxoe,2023-01-16,0,0.0079743955
z8jfojfxoe,2023-01-17,0,0.0045595407
z8jfojfxoe,2023-01-18,0,0.00653964
z8jfojfxoe,2023-01-19,0,0.0063521746
z8jfojfxoe,2023-01-20,0,0.004960821
z8jfojfxoe,2023-01-21,0,0.009568555
z8jfojfxoe,2023-01-22,0,0.021560568
z8jfojfxoe,2023-01-23,0,0.006592738
z8jfojfxoe,2023-01-24,0,0.001100536
z8jfojfxoe,2023-01-25,1,0.9109345
z8jfojfxoe,2023-01-26,0,0.0049526156
z8jfojfxoe,2023-01-27,0,0.00037476042
z8jfojfxoe,2023-01-28,0,0.028493771
z8jfojfxoe,2023-01-29,0,0.007816965
z8jfojfxoe,2023-01-30,0,0.00590985
z8jfojfxoe,2023-01-31,0,0.0005954672
z8jfojfxoe,2023-02-01,0,0.0018859413
z8jfojfxoe,2023-02-02,0,0.005763503
z8jfojfxoe,2023-02-03,1,0.98556626
z8jfojfxoe,2023-02-04,0,0.72693765
z8jfojfxoe,2023-02-05,0,0.6401952
z8jfojfxoe,2023-02-06,1,0.9047614
z8jfojfxoe,2023-02-07,0,0.7644327
z8jfojfxoe,2023-02-08,0,0.7644327
z8jfojfxoe,2023-02-09,0,0.7644327
z8jfojfxoe,2023-02-10,0,0.7644327
z8jfojfxoe,2023-02-11,0,0.7644327
z8jfojfxoe,2023-02-12,0,0.7784288
z8jfojfxoe,2023-02-13,0,0.49486324
z8jfojfxoe,2023-02-14,0,0.4368159
z8jfojfxoe,2023-02-15,0,0.73246276
z8jfojfxoe,2023-02-16,0,0.0022729102
z8jfojfxoe,2023-02-17,0,0.0011954205
z8jfojfxoe,2023-02-18,0,0.12795132
z8jfojfxoe,2023-02-19,0,0.00089723937
z8jfojfxoe,2023-02-20,0,0.01694577
z8jfojfxoe,2023-02-21,0,0.0140424725
z8jfojfxoe,2023-02-22,0,0.0058196285
z8jfojfxoe,2023-02-23,0,0.0004084983
z8jfojfxoe,2023-02-24,0,0.014404449
z8jfojfxoe,2023-02-25,0,0.027867032
z8jfojfxoe,2023-02-26,0,0.09098791
z8jfojfxoe,2023-02-27,0,0.00031713664
z8jfojfxoe,2023-02-28,0,0.0067952275
z8jfojfxoe,2023-03-01,0,0.014866163
z8jfojfxoe,2023-03-02,0,0.010285709
z8jfojfxoe,2023-03-03,0,0.010762944
z8jfojfxoe,2023-03-04,0,0.0048709568
z8jfojfxoe,2023-03-05,0,0.007820549
z8jfojfxoe,2023-03-06,0,0.011364602
z8jfojfxoe,2023-03-07,0,0.010644538
z8jfojfxoe,2023-03-08,0,0.0007409027
z8jfojfxoe,2023-03-09,0,0.015380629
z8jfojfxoe,2023-03-10,0,0.007642264
z8jfojfxoe,2023-03-11,0,0.0018914803
z8jfojfxoe,2023-03-12,0,0.00797027
z8jfojfxoe,2023-03-13,0,0.02312564
z8jfojfxoe,2023-03-14,0,0.0032679325
z8jfojfxoe,2023-03-15,0,0.008408985
z8jfojfxoe,2023-03-16,0,0.009797375
z8jfojfxoe,2023-03-17,0,0.023171693
z8jfojfxoe,2023-03-18,0,0.003314829
z8jfojfxoe,2023-03-19,0,0.01371301
z8jfojfxoe,2023-03-20,0,0.013825707
z8jfojfxoe,2023-03-21,0,0.008420117
z8jfojfxoe,2023-03-22,0,0.0034638364
z8jfojfxoe,2023-03-23,0,0.006711847
z8jfojfxoe,2023-03-24,0,0.00041366788
z8jfojfxoe,2023-03-25,0,0.008696668
z8jfojfxoe,2023-03-26,0,0.00934343
z8jfojfxoe,2023-03-27,0,0.0040441765
z8jfojfxoe,2023-03-28,0,0.009991524
z8jfojfxoe,2023-03-29,0,0.013979634
z8jfojfxoe,2023-03-30,0,0.00142052
z8jfojfxoe,2023-03-31,0,0.44840604
z8jfojfxoe,2023-04-01,0,0.0040015155
z8jfojfxoe,2023-04-02,0,0.02344627
z8jfojfxoe,2023-04-03,0,0.012453359
z8jfojfxoe,2023-04-04,0,0.0065902113
z8jfojfxoe,2023-04-05,0,0.012599807
z8jfojfxoe,2023-04-06,0,0.015578344
z8jfojfxoe,2023-04-07,0,0.0145969335
z8jfojfxoe,2023-04-08,0,0.0018221595
z8jfojfxoe,2023-04-09,0,0.011623479
z8jfojfxoe,2023-04-10,0,0.015621447
z8jfojfxoe,2023-04-11,0,0.032628335
z8jfojfxoe,2023-04-12,0,0.01809507
z8jfojfxoe,2023-04-13,0,0.047108147
z8jfojfxoe,2023-04-14,0,0.33694547
z8jfojfxoe,2023-04-15,0,0.0029890195
z8jfojfxoe,2023-04-16,0,0.019379498
z8jfojfxoe,2023-04-17,0,0.0025721546
z8jfojfxoe,2023-04-18,0,0.00047716088
z8jfojfxoe,2023-04-19,0,0.0064463248
z8jfojfxoe,2023-04-20,0,0.0011488616
z8jfojfxoe,2023-04-21,0,0.017977478
z8jfojfxoe,2023-04-22,0,0.024259878
z8jfojfxoe,2023-04-23,0,0.0012362
z8jfojfxoe,2023-04-24,0,0.0010926884
z8jfojfxoe,2023-04-25,0,0.013483984
z8jfojfxoe,2023-04-26,0,0.26980644
z8jfojfxoe,2023-04-27,0,0.004879431
z8jfojfxoe,2023-04-28,0,0.0031589798
z8jfojfxoe,2023-04-29,0,0.0039621913
z8jfojfxoe,2023-04-30,0,0.006287831
z8jfojfxoe,2023-05-01,0,0.0026293946
z8jfojfxoe,2023-05-02,0,0.009609122
z8jfojfxoe,2023-05-03,0,0.02723168
z8jfojfxoe,2023-05-04,0,0.0014648987
z8jfojfxoe,2023-05-05,0,0.0016618812
z8jfojfxoe,2023-05-06,0,0.002541764
z8jfojfxoe,2023-05-07,0,0.0027866105
z8jfojfxoe,2023-05-08,0,0.004298294
z8jfojfxoe,2023-05-09,0,0.020265542
z8jfojfxoe,2023-05-10,0,0.001393426
z8jfojfxoe,2023-05-11,0,0.0020411636
z8jfojfxoe,2023-05-12,0,0.0025200048
z8jfojfxoe,2023-05-13,0,0.0016297527
z8jfojfxoe,2023-05-14,0,0.07094581
z8jfojfxoe,2023-05-15,0,5.498897e-05
z8jfojfxoe,2023-05-16,1,0.99786866
z8jfojfxoe,2023-05-17,0,0.0062998286
z8jfojfxoe,2023-05-18,0,0.023406208
z8jfojfxoe,2023-05-19,0,0.0041873907
z8jfojfxoe,2023-05-20,0,0.0014100065
z8jfojfxoe,2023-05-21,1,0.9980469
z8jfojfxoe,2023-05-22,1,0.9879957
z8jfojfxoe,2023-05-23,1,0.8747847
z8jfojfxoe,2023-05-24,1,0.9868874
z8jfojfxoe,2023-05-25,1,0.9851636
z8jfojfxoe,2023-05-26,1,0.96262074
z8jfojfxoe,2023-05-27,1,0.95113766
z8jfojfxoe,2023-05-28,1,0.9290576
z8jfojfxoe,2023-05-29,1,0.9904597
z8jfojfxoe,2023-05-30,1,0.9348532
z8jfojfxoe,2023-05-31,1,0.9888916
z8jfojfxoe,2023-06-01,1,0.9803098
z8jfojfxoe,2023-06-02,1,0.9574818
z8jfojfxoe,2023-06-03,1,0.97123057
z8jfojfxoe,2023-06-04,1,0.96131283
z8jfojfxoe,2023-06-05,1,0.95986605
z8jfojfxoe,2023-06-06,1,0.97052974
z8jfojfxoe,2023-06-07,1,0.96569175
z8jfojfxoe,2023-06-08,0,0.73773736
z8jfojfxoe,2023-06-09,1,0.9468911
z8jfojfxoe,2023-06-10,0,0.322243
z8jfojfxoe,2023-06-11,1,0.9789089
z8jfojfxoe,2023-06-12,1,0.9813545
z8jfojfxoe,2023-06-13,1,0.9873661
z8jfojfxoe,2023-06-14,1,0.98482543
z8jfojfxoe,2023-06-15,1,0.98969394
z8jfojfxoe,2023-06-16,1,0.9896185
z8jfojfxoe,2023-06-17,1,0.9601476
z8jfojfxoe,2023-06-18,1,0.98775476
z8jfojfxoe,2023-06-19,1,0.98817575
z8jfojfxoe,2023-06-20,1,0.9623387
z8jfojfxoe,2023-06-21,1,0.9895907
z8jfojfxoe,2023-06-22,1,0.99140304
z8jfojfxoe,2023-06-23,1,0.98528695
z8jfojfxoe,2023-06-24,1,0.9969163
z8jfojfxoe,2023-06-25,1,0.97543937
z8jfojfxoe,2023-06-26,1,0.87462145
z8jfojfxoe,2023-06-27,1,0.9699258
z8jfojfxoe,2023-06-28,1,0.9620956
z8jfojfxoe,2023-06-29,1,0.9620956
z8jfojfxoe,2023-06-30,1,0.9620956
z8jfojfxoe,2023-07-01,1,0.9620956
z8jfojfxoe,2023-07-02,1,0.9620956
z8jfojfxoe,2023-07-03,1,0.93749774
z8jfojfxoe,2023-07-04,1,0.96555096
z8jfojfxoe,2023-07-05,1,0.97223413
z8jfojfxoe,2023-07-06,1,0.97303694
z8jfojfxoe,2023-07-07,1,0.9620956
z8jfojfxoe,2023-07-08,1,0.9620956
z8jfojfxoe,2023-07-09,0,0.56538516
z8jfojfxoe,2023-07-10,0,2.8867686e-05
z8jfojfxoe,2023-07-11,0,0.00055379915
z8jfojfxoe,2023-07-12,0,0.00024265167
z8jfojfxoe,2023-07-13,0,0.0010557204
z8jfojfxoe,2023-07-14,0,0.02230904
z8jfojfxoe,2023-07-15,0,0.00963127
z8jfojfxoe,2023-07-16,0,0.0021011562
z8jfojfxoe,2023-07-17,0,0.040370103
z8jfojfxoe,2023-07-18,0,0.03307891
z8jfojfxoe,2023-07-19,0,0.0013759375
z8jfojfxoe,2023-07-20,0,0.0019023557
z8jfojfxoe,2023-07-21,0,0.010955969
z8jfojfxoe,2023-07-22,0,0.4518838
z8jfojfxoe,2023-07-23,1,0.9841558
z8jfojfxoe,2023-07-24,1,0.9620956
z8jfojfxoe,2023-07-25,1,0.9620956
z8jfojfxoe,2023-07-26,0,1.4009776e-05
z8jfojfxoe,2023-07-27,0,0.0043055164
z8jfojfxoe,2023-07-28,0,0.008699401
z8jfojfxoe,2023-07-29,0,0.018964997
z8jfojfxoe,2023-07-30,0,0.003852281
z8jfojfxoe,2023-07-31,0,0.007512501
z8jfojfxoe,2023-08-01,0,0.01707595
z8jfojfxoe,2023-08-02,0,0.011788892
z8jfojfxoe,2023-08-03,0,0.01320015
z8jfojfxoe,2023-08-04,0,0.034897424
z8jfojfxoe,2023-08-05,0,0.0099155
z8jfojfxoe,2023-08-06,0,0.0070251543
z8jfojfxoe,2023-08-07,0,0.004683338
z8jfojfxoe,2023-08-08,0,0.016710728
z8jfojfxoe,2023-08-09,0,0.00026504145
z8jfojfxoe,2023-08-10,0,0.013206941
z8jfojfxoe,2023-08-11,0,0.0056410767
z8jfojfxoe,2023-08-12,0,0.01034756
z8jfojfxoe,2023-08-13,0,0.057916228
z8jfojfxoe,2023-08-14,0,0.04360928
z8jfojfxoe,2023-08-15,0,0.08599211
z8jfojfxoe,2023-08-16,0,0.012148275
z8jfojfxoe,2023-08-17,0,0.0030495555
z8jfojfxoe,2023-08-18,0,0.0061132163
z8jfojfxoe,2023-08-19,0,0.48375815
